<?xml version="1.0"?>
<!--<!DOCTYPE metadata SYSTEM "http://www.esri.com/metadata/esriprof80.dtd">-->
<metadata xml:lang="en"><Esri><CreaDate>20140731</CreaDate><CreaTime>11364400</CreaTime><SyncOnce>FALSE</SyncOnce><SyncDate>20140617</SyncDate><SyncTime>13082200</SyncTime><ModDate>20140617</ModDate><ModTime>13082200</ModTime><DataProperties><lineage><Process ToolSource="c:\program files (x86)\arcgis\desktop10.1\ArcToolbox\Toolboxes\Data Management Tools.tbx\CalculateField" Date="20130621" Time="130535">CalculateField R RCC "Cass Co RCC" VB #</Process><Process ToolSource="c:\program files (x86)\arcgis\desktop10.1\ArcToolbox\Toolboxes\Data Management Tools.tbx\CalculateField" Date="20130621" Time="131534">CalculateField R RCC "NIASWA" VB #</Process><Process ToolSource="c:\program files (x86)\arcgis\desktop10.1\ArcToolbox\Toolboxes\Data Management Tools.tbx\CalculateField" Date="20130621" Time="131650">CalculateField R RCC "NIASWA RCC" VB #</Process><Process ToolSource="c:\program files (x86)\arcgis\desktop10.1\ArcToolbox\Toolboxes\Data Management Tools.tbx\CalculateField" Date="20130621" Time="131911">CalculateField R RCC "Dickinson Co. RCC" VB #</Process><Process ToolSource="c:\program files (x86)\arcgis\desktop10.1\ArcToolbox\Toolboxes\Data Management Tools.tbx\CalculateField" Date="20130621" Time="132016">CalculateField R RCC "Northern Plains RCC" VB #</Process><Process ToolSource="c:\program files (x86)\arcgis\desktop10.1\ArcToolbox\Toolboxes\Data Management Tools.tbx\CalculateField" Date="20130621" Time="132104">CalculateField R RCC "LNI RCC" VB #</Process><Process ToolSource="c:\program files (x86)\arcgis\desktop10.1\ArcToolbox\Toolboxes\Data Management Tools.tbx\CalculateField" Date="20130621" Time="132145">CalculateField R RCC "FMC RCC" VB #</Process><Process ToolSource="c:\program files (x86)\arcgis\desktop10.1\ArcToolbox\Toolboxes\Data Management Tools.tbx\CalculateField" Date="20130621" Time="132223">CalculateField R RCC "Bremer Co. RCC" VB #</Process><Process ToolSource="c:\program files (x86)\arcgis\desktop10.1\ArcToolbox\Toolboxes\Data Management Tools.tbx\CalculateField" Date="20130621" Time="132240">CalculateField R RCC "Butler Co. RCC" VB #</Process><Process ToolSource="c:\program files (x86)\arcgis\desktop10.1\ArcToolbox\Toolboxes\Data Management Tools.tbx\CalculateField" Date="20130621" Time="132311">CalculateField R RCC "Buchanan Co. RCC" VB #</Process><Process ToolSource="c:\program files (x86)\arcgis\desktop10.1\ArcToolbox\Toolboxes\Data Management Tools.tbx\CalculateField" Date="20130621" Time="132457">CalculateField R RCC "Dubuque Co. RCC" VB #</Process><Process ToolSource="c:\program files (x86)\arcgis\desktop10.1\ArcToolbox\Toolboxes\Data Management Tools.tbx\CalculateField" Date="20130621" Time="132558">CalculateField R RCC "Cherokee Co. RCC" VB #</Process><Process ToolSource="c:\program files (x86)\arcgis\desktop10.1\ArcToolbox\Toolboxes\Data Management Tools.tbx\CalculateField" Date="20130621" Time="132632">CalculateField R RCC "Woodbury Co. RCC" VB #</Process><Process ToolSource="c:\program files (x86)\arcgis\desktop10.1\ArcToolbox\Toolboxes\Data Management Tools.tbx\CalculateField" Date="20130621" Time="132700">CalculateField R RCC "Monona Co. RCC" VB #</Process><Process ToolSource="c:\program files (x86)\arcgis\desktop10.1\ArcToolbox\Toolboxes\Data Management Tools.tbx\CalculateField" Date="20130621" Time="132831">CalculateField R RCC "Metro Waste RCC" VB #</Process><Process ToolSource="c:\program files (x86)\arcgis\desktop10.1\ArcToolbox\Toolboxes\Data Management Tools.tbx\CalculateField" Date="20130621" Time="132926">CalculateField R RCC "Metro Waste RCC" VB #</Process><Process ToolSource="c:\program files (x86)\arcgis\desktop10.1\ArcToolbox\Toolboxes\Data Management Tools.tbx\CalculateField" Date="20130621" Time="132958">CalculateField R RCC "Hamilton Co. RCC" VB #</Process><Process ToolSource="c:\program files (x86)\arcgis\desktop10.1\ArcToolbox\Toolboxes\Data Management Tools.tbx\CalculateField" Date="20130621" Time="133117">CalculateField R RCC "Cedar Rapids Linn Co. RCC" VB #</Process><Process ToolSource="c:\program files (x86)\arcgis\desktop10.1\ArcToolbox\Toolboxes\Data Management Tools.tbx\CalculateField" Date="20130621" Time="133201">CalculateField R RCC "Clinton Co. Area RCC" VB #</Process><Process ToolSource="c:\program files (x86)\arcgis\desktop10.1\ArcToolbox\Toolboxes\Data Management Tools.tbx\CalculateField" Date="20130621" Time="133239">CalculateField R RCC "Scott Area Regional RCC" VB #</Process><Process ToolSource="c:\program files (x86)\arcgis\desktop10.1\ArcToolbox\Toolboxes\Data Management Tools.tbx\CalculateField" Date="20130621" Time="133306">CalculateField R RCC "Iowa City RCC" VB #</Process><Process ToolSource="c:\program files (x86)\arcgis\desktop10.1\ArcToolbox\Toolboxes\Data Management Tools.tbx\CalculateField" Date="20130621" Time="133328">CalculateField R RCC "SEMCO RCC" VB #</Process><Process ToolSource="c:\program files (x86)\arcgis\desktop10.1\ArcToolbox\Toolboxes\Data Management Tools.tbx\CalculateField" Date="20130621" Time="133411">CalculateField R RCC "Cass Co. RCC" VB #</Process><Process ToolSource="c:\program files (x86)\arcgis\desktop10.1\ArcToolbox\Toolboxes\Data Management Tools.tbx\CalculateField" Date="20130621" Time="133510">CalculateField R RCC "Prairie SWA RCC" VB #</Process><Process ToolSource="c:\program files (x86)\arcgis\desktop10.1\ArcToolbox\Toolboxes\Data Management Tools.tbx\CalculateField" Date="20130621" Time="133550">CalculateField R RCC "Rathbun Area RCC" VB #</Process><Process ToolSource="c:\program files (x86)\arcgis\desktop10.1\ArcToolbox\Toolboxes\Data Management Tools.tbx\CalculateField" Date="20130621" Time="133844">CalculateField R RCC "Council Bluffs RCC" VB #</Process><Process ToolSource="c:\program files (x86)\arcgis\desktop10.1\ArcToolbox\Toolboxes\Data Management Tools.tbx\CalculateField" Date="20130621" Time="133912">CalculateField R RCC "Fremont Co. RCC" VB #</Process><Process ToolSource="c:\program files (x86)\arcgis\desktop10.1\ArcToolbox\Toolboxes\Data Management Tools.tbx\CalculateField" Date="20130621" Time="134013">CalculateField R RCC "Ottumwa Wapello RCC" VB #</Process><Process ToolSource="c:\program files (x86)\arcgis\desktop10.1\ArcToolbox\Toolboxes\Data Management Tools.tbx\CalculateField" Date="20130621" Time="134130">CalculateField R RCC "Great River RCC" VB #</Process><Process ToolSource="c:\program files (x86)\arcgis\desktop10.1\ArcToolbox\Toolboxes\Data Management Tools.tbx\CalculateField" Date="20130621" Time="134212">CalculateField R RCC "Haz Chem Center RCC" VB #</Process><Process ToolSource="c:\program files (x86)\arcgis\desktop10.1\ArcToolbox\Toolboxes\Data Management Tools.tbx\CalculateField" Date="20130621" Time="135320">CalculateField R RCC "Unserviced Counties" VB #</Process><Process ToolSource="c:\program files (x86)\arcgis\desktop10.1\ArcToolbox\Toolboxes\Data Management Tools.tbx\CalculateField" Date="20130906" Time="105910">CalculateField R RCC "Clinton Co. Area RCC" VB #</Process><Process ToolSource="c:\program files (x86)\arcgis\desktop10.1\ArcToolbox\Toolboxes\Data Management Tools.tbx\CalculateField" Date="20130906" Time="105958">CalculateField R RCC "FMC RCC" VB #</Process><Process ToolSource="c:\program files (x86)\arcgis\desktop10.1\ArcToolbox\Toolboxes\Data Management Tools.tbx\CalculateField" Date="20140115" Time="151843">CalculateField R RCC "2011" VB #</Process><Process ToolSource="c:\program files (x86)\arcgis\desktop10.1\ArcToolbox\Toolboxes\Data Management Tools.tbx\CalculateField" Date="20140115" Time="151935">CalculateField R RCC "2011" VB #</Process><Process ToolSource="c:\program files (x86)\arcgis\desktop10.1\ArcToolbox\Toolboxes\Data Management Tools.tbx\CalculateField" Date="20140115" Time="151954">CalculateField R RCC "2011" VB #</Process><Process ToolSource="c:\program files (x86)\arcgis\desktop10.1\ArcToolbox\Toolboxes\Data Management Tools.tbx\CalculateField" Date="20140115" Time="152024">CalculateField R RCC "2011" VB #</Process><Process ToolSource="c:\program files (x86)\arcgis\desktop10.1\ArcToolbox\Toolboxes\Data Management Tools.tbx\CalculateField" Date="20140115" Time="152044">CalculateField R RCC "2011" VB #</Process><Process ToolSource="c:\program files (x86)\arcgis\desktop10.1\ArcToolbox\Toolboxes\Data Management Tools.tbx\CalculateField" Date="20140115" Time="152111">CalculateField R RCC "2011" VB #</Process><Process ToolSource="c:\program files (x86)\arcgis\desktop10.1\ArcToolbox\Toolboxes\Data Management Tools.tbx\CalculateField" Date="20140115" Time="152126">CalculateField R RCC "2011" VB #</Process><Process ToolSource="c:\program files (x86)\arcgis\desktop10.1\ArcToolbox\Toolboxes\Data Management Tools.tbx\CalculateField" Date="20140115" Time="152157">CalculateField R RCC "2011" VB #</Process><Process ToolSource="c:\program files (x86)\arcgis\desktop10.1\ArcToolbox\Toolboxes\Data Management Tools.tbx\CalculateField" Date="20140115" Time="152223">CalculateField R RCC "2011" VB #</Process><Process ToolSource="c:\program files (x86)\arcgis\desktop10.1\ArcToolbox\Toolboxes\Data Management Tools.tbx\CalculateField" Date="20140115" Time="152245">CalculateField R RCC "2013" VB #</Process><Process ToolSource="c:\program files (x86)\arcgis\desktop10.1\ArcToolbox\Toolboxes\Data Management Tools.tbx\CalculateField" Date="20140115" Time="152302">CalculateField R RCC "2013" VB #</Process><Process ToolSource="c:\program files (x86)\arcgis\desktop10.1\ArcToolbox\Toolboxes\Data Management Tools.tbx\CalculateField" Date="20140115" Time="152319">CalculateField R RCC "2013" VB #</Process><Process ToolSource="c:\program files (x86)\arcgis\desktop10.1\ArcToolbox\Toolboxes\Data Management Tools.tbx\CalculateField" Date="20140115" Time="152340">CalculateField R RCC "2013" VB #</Process><Process ToolSource="c:\program files (x86)\arcgis\desktop10.1\ArcToolbox\Toolboxes\Data Management Tools.tbx\CalculateField" Date="20140115" Time="152350">CalculateField R RCC "2013" VB #</Process><Process ToolSource="c:\program files (x86)\arcgis\desktop10.1\ArcToolbox\Toolboxes\Data Management Tools.tbx\CalculateField" Date="20140115" Time="152413">CalculateField R RCC "2013" VB #</Process><Process ToolSource="c:\program files (x86)\arcgis\desktop10.1\ArcToolbox\Toolboxes\Data Management Tools.tbx\CalculateField" Date="20140115" Time="152424">CalculateField R RCC "2013" VB #</Process><Process ToolSource="c:\program files (x86)\arcgis\desktop10.1\ArcToolbox\Toolboxes\Data Management Tools.tbx\CalculateField" Date="20140115" Time="152451">CalculateField R RCC "2013" VB #</Process><Process ToolSource="c:\program files (x86)\arcgis\desktop10.1\ArcToolbox\Toolboxes\Data Management Tools.tbx\CalculateField" Date="20140115" Time="152522">CalculateField R RCC "2013" VB #</Process><Process ToolSource="c:\program files (x86)\arcgis\desktop10.1\ArcToolbox\Toolboxes\Data Management Tools.tbx\CalculateField" Date="20140115" Time="152534">CalculateField R RCC "2013" VB #</Process><Process ToolSource="c:\program files (x86)\arcgis\desktop10.1\ArcToolbox\Toolboxes\Data Management Tools.tbx\CalculateField" Date="20140115" Time="152548">CalculateField R RCC "2013" VB #</Process><Process ToolSource="c:\program files (x86)\arcgis\desktop10.1\ArcToolbox\Toolboxes\Data Management Tools.tbx\CalculateField" Date="20140115" Time="152643">CalculateField R RCC "2013" VB #</Process><Process ToolSource="c:\program files (x86)\arcgis\desktop10.1\ArcToolbox\Toolboxes\Data Management Tools.tbx\CalculateField" Date="20140115" Time="153929">CalculateField R RCC "2013" VB #</Process><Process ToolSource="c:\program files (x86)\arcgis\desktop10.1\ArcToolbox\Toolboxes\Data Management Tools.tbx\CalculateField" Date="20140117" Time="091905">CalculateField R RCC "2013" VB #</Process><Process ToolSource="c:\program files (x86)\arcgis\desktop10.1\ArcToolbox\Toolboxes\Data Management Tools.tbx\CalculateField" Date="20140117" Time="091951">CalculateField R RCC "2013" VB #</Process><Process ToolSource="c:\program files (x86)\arcgis\desktop10.1\ArcToolbox\Toolboxes\Data Management Tools.tbx\CalculateField" Date="20140117" Time="092043">CalculateField R RCC "2011" VB #</Process><Process ToolSource="c:\program files (x86)\arcgis\desktop10.1\ArcToolbox\Toolboxes\Data Management Tools.tbx\CalculateField" Date="20140117" Time="092119">CalculateField R RCC "2011" VB #</Process><Process ToolSource="c:\program files (x86)\arcgis\desktop10.1\ArcToolbox\Toolboxes\Data Management Tools.tbx\CalculateField" Date="20140117" Time="092132">CalculateField R RCC "2011" VB #</Process><Process ToolSource="c:\program files (x86)\arcgis\desktop10.1\ArcToolbox\Toolboxes\Data Management Tools.tbx\CalculateField" Date="20140612" Time="144747">CalculateField R RCC "Monona County RCC" VB #</Process><Process ToolSource="c:\program files (x86)\arcgis\desktop10.1\ArcToolbox\Toolboxes\Data Management Tools.tbx\CalculateField" Date="20140612" Time="145249">CalculateField R RCC "Metro Waste RCC" VB #</Process><Process ToolSource="c:\program files (x86)\arcgis\desktop10.1\ArcToolbox\Toolboxes\Data Management Tools.tbx\CalculateField" Date="20140612" Time="145306">CalculateField R RCC "Metro Waste RCC" VB #</Process><Process ToolSource="c:\program files (x86)\arcgis\desktop10.1\ArcToolbox\Toolboxes\Data Management Tools.tbx\CalculateField" Date="20140612" Time="145322">CalculateField R RCC "Metro Waste RCC" VB #</Process><Process ToolSource="c:\program files (x86)\arcgis\desktop10.1\ArcToolbox\Toolboxes\Data Management Tools.tbx\CalculateField" Date="20140612" Time="145428">CalculateField R RCC "Metro Waste RCC" VB #</Process><Process ToolSource="c:\program files (x86)\arcgis\desktop10.1\ArcToolbox\Toolboxes\Data Management Tools.tbx\CalculateField" Date="20140612" Time="145553">CalculateField R RCC "Metro Waste RCC" VB #</Process><Process ToolSource="c:\program files (x86)\arcgis\desktop10.1\ArcToolbox\Toolboxes\Data Management Tools.tbx\CalculateField" Date="20140612" Time="145734">CalculateField R RCC "Cedar Rapids Linn Co. RCC" VB #</Process><Process ToolSource="c:\program files (x86)\arcgis\desktop10.1\ArcToolbox\Toolboxes\Data Management Tools.tbx\CalculateField" Date="20140612" Time="150002">CalculateField R RCC "Cedar Rapids Linn Co. RCC" VB #</Process><Process ToolSource="c:\program files (x86)\arcgis\desktop10.1\ArcToolbox\Toolboxes\Data Management Tools.tbx\CalculateField" Date="20140612" Time="150013">CalculateField R RCC "Cedar Rapids Linn Co. RCC" VB #</Process><Process ToolSource="c:\program files (x86)\arcgis\desktop10.1\ArcToolbox\Toolboxes\Data Management Tools.tbx\CalculateField" Date="20140612" Time="150044">CalculateField R RCC "Cedar Rapids Linn Co. RCC" VB #</Process><Process ToolSource="c:\program files (x86)\arcgis\desktop10.1\ArcToolbox\Toolboxes\Data Management Tools.tbx\CalculateField" Date="20140612" Time="150201">CalculateField R RCC "Cherokee Co. RCC" VB #</Process><Process ToolSource="c:\program files (x86)\arcgis\desktop10.1\ArcToolbox\Toolboxes\Data Management Tools.tbx\CalculateField" Date="20140612" Time="150218">CalculateField R RCC "Cherokee Co. RCC" VB #</Process><Process ToolSource="c:\program files (x86)\arcgis\desktop10.1\ArcToolbox\Toolboxes\Data Management Tools.tbx\CalculateField" Date="20140612" Time="150235">CalculateField R RCC "Cherokee Co. RCC" VB #</Process><Process ToolSource="c:\program files (x86)\arcgis\desktop10.1\ArcToolbox\Toolboxes\Data Management Tools.tbx\CalculateField" Date="20140612" Time="150246">CalculateField R RCC "Cherokee Co. RCC" VB #</Process><Process ToolSource="c:\program files (x86)\arcgis\desktop10.1\ArcToolbox\Toolboxes\Data Management Tools.tbx\CalculateField" Date="20140612" Time="150402">CalculateField R RCC "Northern Plains RCC" VB #</Process><Process ToolSource="c:\program files (x86)\arcgis\desktop10.1\ArcToolbox\Toolboxes\Data Management Tools.tbx\CalculateField" Date="20140612" Time="150533">CalculateField R RCC "Northern Plains RCC" VB #</Process><Process ToolSource="c:\program files (x86)\arcgis\desktop10.1\ArcToolbox\Toolboxes\Data Management Tools.tbx\CalculateField" Date="20140612" Time="150616">CalculateField R RCC "FMC RCC" VB #</Process><Process ToolSource="c:\program files (x86)\arcgis\desktop10.1\ArcToolbox\Toolboxes\Data Management Tools.tbx\CalculateField" Date="20140612" Time="150651">CalculateField R RCC "FMC RCC" VB #</Process><Process ToolSource="c:\program files (x86)\arcgis\desktop10.1\ArcToolbox\Toolboxes\Data Management Tools.tbx\CalculateField" Date="20140612" Time="151515">CalculateField R RCC "Haz Chem RCC" VB #</Process><Process ToolSource="c:\program files (x86)\arcgis\desktop10.1\ArcToolbox\Toolboxes\Data Management Tools.tbx\CalculateField" Date="20140612" Time="151553">CalculateField R RCC "Dubuque Co RCC" VB #</Process><Process ToolSource="c:\program files (x86)\arcgis\desktop10.1\ArcToolbox\Toolboxes\Data Management Tools.tbx\CalculateField" Date="20140612" Time="151604">CalculateField R RCC "Dubuque Co RCC" VB #</Process><Process ToolSource="c:\program files (x86)\arcgis\desktop10.1\ArcToolbox\Toolboxes\Data Management Tools.tbx\CalculateField" Date="20140612" Time="151636">CalculateField R RCC "Cass Co RCC" VB #</Process><Process ToolSource="c:\program files (x86)\arcgis\desktop10.1\ArcToolbox\Toolboxes\Data Management Tools.tbx\CalculateField" Date="20140613" Time="082008">CalculateField R RCC "Clinton Co Area RCC" VB #</Process><Process ToolSource="c:\program files (x86)\arcgis\desktop10.1\ArcToolbox\Toolboxes\Data Management Tools.tbx\CalculateField" Date="20140616" Time="130959">CalculateField R RCC "Cass Co. Rcc"
 VB #</Process><Process ToolSource="c:\program files (x86)\arcgis\desktop10.1\ArcToolbox\Toolboxes\Data Management Tools.tbx\CalculateField" Date="20140616" Time="131012">CalculateField R RCC "Cass Co. Rcc"
 VB #</Process><Process ToolSource="c:\program files (x86)\arcgis\desktop10.1\ArcToolbox\Toolboxes\Data Management Tools.tbx\CalculateField" Date="20140616" Time="131024">CalculateField R RCC "Cass Co. Rcc"
 VB #</Process><Process ToolSource="c:\program files (x86)\arcgis\desktop10.1\ArcToolbox\Toolboxes\Data Management Tools.tbx\CalculateField" Date="20140616" Time="131052">CalculateField R RCC "Cass Co. RCC"
 VB #</Process><Process ToolSource="c:\program files (x86)\arcgis\desktop10.1\ArcToolbox\Toolboxes\Data Management Tools.tbx\CalculateField" Date="20140616" Time="131103">CalculateField R RCC "Cass Co. RCC"
 VB #</Process><Process ToolSource="c:\program files (x86)\arcgis\desktop10.1\ArcToolbox\Toolboxes\Data Management Tools.tbx\CalculateField" Date="20140616" Time="131131">CalculateField R RCC "Cass Co. RCC"
 VB #</Process><Process ToolSource="c:\program files (x86)\arcgis\desktop10.1\ArcToolbox\Toolboxes\Data Management Tools.tbx\CalculateField" Date="20140616" Time="131201">CalculateField R RCC "Prairie SWA RCC"
 VB #</Process><Process ToolSource="c:\program files (x86)\arcgis\desktop10.1\ArcToolbox\Toolboxes\Data Management Tools.tbx\CalculateField" Date="20140616" Time="131247">CalculateField R RCC "Prairie SWA RCC"
 VB #</Process><Process ToolSource="c:\program files (x86)\arcgis\desktop10.1\ArcToolbox\Toolboxes\Data Management Tools.tbx\CalculateField" Date="20140616" Time="131259">CalculateField R RCC "Prairie SWA RCC"
 VB #</Process><Process ToolSource="c:\program files (x86)\arcgis\desktop10.1\ArcToolbox\Toolboxes\Data Management Tools.tbx\CalculateField" Date="20140616" Time="131326">CalculateField R RCC "Prairie SWA RCC"
 VB #</Process><Process ToolSource="c:\program files (x86)\arcgis\desktop10.1\ArcToolbox\Toolboxes\Data Management Tools.tbx\CalculateField" Date="20140616" Time="131340">CalculateField R RCC "Prairie SWA RCC"
 VB #</Process><Process ToolSource="c:\program files (x86)\arcgis\desktop10.1\ArcToolbox\Toolboxes\Data Management Tools.tbx\CalculateField" Date="20140616" Time="131350">CalculateField R RCC "Prairie SWA RCC"
 VB #</Process><Process ToolSource="c:\program files (x86)\arcgis\desktop10.1\ArcToolbox\Toolboxes\Data Management Tools.tbx\CalculateField" Date="20140616" Time="131415">CalculateField R RCC "Unserviced Counties"
 VB #</Process><Process ToolSource="c:\program files (x86)\arcgis\desktop10.1\ArcToolbox\Toolboxes\Data Management Tools.tbx\CalculateField" Date="20140616" Time="131428">CalculateField R RCC "Unserviced Counties"
 VB #</Process><Process ToolSource="c:\program files (x86)\arcgis\desktop10.1\ArcToolbox\Toolboxes\Data Management Tools.tbx\CalculateField" Date="20140616" Time="131501">CalculateField R RCC "Unserviced Counties"
 VB #</Process><Process ToolSource="c:\program files (x86)\arcgis\desktop10.1\ArcToolbox\Toolboxes\Data Management Tools.tbx\CalculateField" Date="20140616" Time="131515">CalculateField R RCC "Unserviced Counties"
 VB #</Process><Process ToolSource="c:\program files (x86)\arcgis\desktop10.1\ArcToolbox\Toolboxes\Data Management Tools.tbx\CalculateField" Date="20140616" Time="131523">CalculateField R RCC "Unserviced Counties"
 VB #</Process><Process ToolSource="c:\program files (x86)\arcgis\desktop10.1\ArcToolbox\Toolboxes\Data Management Tools.tbx\CalculateField" Date="20140616" Time="131536">CalculateField R RCC "Unserviced Counties"
 VB #</Process><Process ToolSource="c:\program files (x86)\arcgis\desktop10.1\ArcToolbox\Toolboxes\Data Management Tools.tbx\CalculateField" Date="20140616" Time="132131">CalculateField R RCC "Rathbun Area RCC"
 VB #</Process><Process ToolSource="c:\program files (x86)\arcgis\desktop10.1\ArcToolbox\Toolboxes\Data Management Tools.tbx\CalculateField" Date="20140616" Time="132156">CalculateField R RCC "Rathbun Area RCC"
 VB #</Process><Process ToolSource="c:\program files (x86)\arcgis\desktop10.1\ArcToolbox\Toolboxes\Data Management Tools.tbx\CalculateField" Date="20140616" Time="132224">CalculateField R RCC "Cass Co. RCC"
 VB #</Process><Process ToolSource="c:\program files (x86)\arcgis\desktop10.1\ArcToolbox\Toolboxes\Data Management Tools.tbx\CalculateField" Date="20140616" Time="132234">CalculateField R RCC "Cass Co. RCC"
 VB #</Process><Process ToolSource="c:\program files (x86)\arcgis\desktop10.1\ArcToolbox\Toolboxes\Data Management Tools.tbx\CalculateField" Date="20140616" Time="132252">CalculateField R RCC "Cass Co. RCC"
 VB #</Process><Process ToolSource="c:\program files (x86)\arcgis\desktop10.1\ArcToolbox\Toolboxes\Data Management Tools.tbx\CalculateField" Date="20140616" Time="132441">CalculateField R RCC "Metro Haz Drop Off RCC"
 VB #</Process><Process ToolSource="c:\program files (x86)\arcgis\desktop10.1\ArcToolbox\Toolboxes\Data Management Tools.tbx\CalculateField" Date="20140616" Time="132455">CalculateField R RCC "Metro Haz Drop Off RCC"
 VB #</Process><Process ToolSource="c:\program files (x86)\arcgis\desktop10.1\ArcToolbox\Toolboxes\Data Management Tools.tbx\CalculateField" Date="20140616" Time="132555">CalculateField R RCC "Metro Haz Drop Off RCC"
 VB #</Process><Process ToolSource="c:\program files (x86)\arcgis\desktop10.1\ArcToolbox\Toolboxes\Data Management Tools.tbx\CalculateField" Date="20140616" Time="132652">CalculateField R RCC "Metro Haz Drop Off RCC"
 VB #</Process><Process ToolSource="c:\program files (x86)\arcgis\desktop10.1\ArcToolbox\Toolboxes\Data Management Tools.tbx\CalculateField" Date="20140616" Time="132727">CalculateField R RCC "Metro Haz Drop Off RCC"
 VB #</Process><Process ToolSource="c:\program files (x86)\arcgis\desktop10.1\ArcToolbox\Toolboxes\Data Management Tools.tbx\CalculateField" Date="20140616" Time="132814">CalculateField R RCC "Metro Haz Drop Off RCC"
 VB #</Process><Process ToolSource="c:\program files (x86)\arcgis\desktop10.1\ArcToolbox\Toolboxes\Data Management Tools.tbx\CalculateField" Date="20140616" Time="132829">CalculateField R RCC "Metro Haz Drop Off RCC"
 VB #</Process><Process ToolSource="c:\program files (x86)\arcgis\desktop10.1\ArcToolbox\Toolboxes\Data Management Tools.tbx\CalculateField" Date="20140616" Time="132916">CalculateField R RCC "Metro Haz Drop Off RCC"
 VB #</Process><Process ToolSource="c:\program files (x86)\arcgis\desktop10.1\ArcToolbox\Toolboxes\Data Management Tools.tbx\CalculateField" Date="20140616" Time="132927">CalculateField R RCC "Metro Haz Drop Off RCC"
 VB #</Process><Process ToolSource="c:\program files (x86)\arcgis\desktop10.1\ArcToolbox\Toolboxes\Data Management Tools.tbx\CalculateField" Date="20140616" Time="132951">CalculateField R RCC "Metro Haz Drop Off RCC"
 VB #</Process><Process ToolSource="c:\program files (x86)\arcgis\desktop10.1\ArcToolbox\Toolboxes\Data Management Tools.tbx\CalculateField" Date="20140616" Time="133027">CalculateField R RCC "Metro Haz Drop Off RCC"
 VB #</Process><Process ToolSource="c:\program files (x86)\arcgis\desktop10.1\ArcToolbox\Toolboxes\Data Management Tools.tbx\CalculateField" Date="20140616" Time="133034">CalculateField R RCC "Metro Haz Drop Off RCC"
 VB #</Process><Process ToolSource="c:\program files (x86)\arcgis\desktop10.1\ArcToolbox\Toolboxes\Data Management Tools.tbx\CalculateField" Date="20140616" Time="133047">CalculateField R RCC "Metro Haz Drop Off RCC"
 VB #</Process><Process ToolSource="c:\program files (x86)\arcgis\desktop10.1\ArcToolbox\Toolboxes\Data Management Tools.tbx\CalculateField" Date="20140616" Time="133058">CalculateField R RCC "Metro Haz Drop Off RCC"
 VB #</Process><Process ToolSource="c:\program files (x86)\arcgis\desktop10.1\ArcToolbox\Toolboxes\Data Management Tools.tbx\CalculateField" Date="20140616" Time="133111">CalculateField R RCC "Metro Haz Drop Off RCC"
 VB #</Process><Process ToolSource="c:\program files (x86)\arcgis\desktop10.1\ArcToolbox\Toolboxes\Data Management Tools.tbx\CalculateField" Date="20140616" Time="133152">CalculateField R RCC "Bremer Co. RCC"
 VB #</Process><Process ToolSource="c:\program files (x86)\arcgis\desktop10.1\ArcToolbox\Toolboxes\Data Management Tools.tbx\CalculateField" Date="20140616" Time="133210">CalculateField R RCC "Buchanan Co. RCC"
 VB #</Process><Process ToolSource="c:\program files (x86)\arcgis\desktop10.1\ArcToolbox\Toolboxes\Data Management Tools.tbx\CalculateField" Date="20140616" Time="133232">CalculateField R RCC "Cherokee Regional RCC"
 VB #</Process><Process ToolSource="c:\program files (x86)\arcgis\desktop10.1\ArcToolbox\Toolboxes\Data Management Tools.tbx\CalculateField" Date="20140616" Time="133258">CalculateField R RCC "Cherokee Regional RCC"
 VB #</Process><Process ToolSource="c:\program files (x86)\arcgis\desktop10.1\ArcToolbox\Toolboxes\Data Management Tools.tbx\CalculateField" Date="20140616" Time="133309">CalculateField R RCC "Cherokee Regional RCC"
 VB #</Process><Process ToolSource="c:\program files (x86)\arcgis\desktop10.1\ArcToolbox\Toolboxes\Data Management Tools.tbx\CalculateField" Date="20140616" Time="133320">CalculateField R RCC "Cherokee Regional RCC"
 VB #</Process><Process ToolSource="c:\program files (x86)\arcgis\desktop10.1\ArcToolbox\Toolboxes\Data Management Tools.tbx\CalculateField" Date="20140616" Time="133415">CalculateField R RCC "Butler Co. RCC"
 VB #</Process><Process ToolSource="c:\program files (x86)\arcgis\desktop10.1\ArcToolbox\Toolboxes\Data Management Tools.tbx\CalculateField" Date="20140616" Time="133450">CalculateField R RCC "LNI RCC"
 VB #</Process><Process ToolSource="c:\program files (x86)\arcgis\desktop10.1\ArcToolbox\Toolboxes\Data Management Tools.tbx\CalculateField" Date="20140616" Time="133525">CalculateField R RCC "LNI RCC"
 VB #</Process><Process ToolSource="c:\program files (x86)\arcgis\desktop10.1\ArcToolbox\Toolboxes\Data Management Tools.tbx\CalculateField" Date="20140616" Time="133551">CalculateField R RCC "LNI RCC"
 VB #</Process><Process ToolSource="c:\program files (x86)\arcgis\desktop10.1\ArcToolbox\Toolboxes\Data Management Tools.tbx\CalculateField" Date="20140616" Time="133718">CalculateField R RCC "LNI RCC"
 VB #</Process><Process ToolSource="c:\program files (x86)\arcgis\desktop10.1\ArcToolbox\Toolboxes\Data Management Tools.tbx\CalculateField" Date="20140616" Time="133737">CalculateField R RCC "LNI RCC"
 VB #</Process><Process ToolSource="c:\program files (x86)\arcgis\desktop10.1\ArcToolbox\Toolboxes\Data Management Tools.tbx\CalculateField" Date="20140616" Time="133753">CalculateField R RCC "LNI RCC"
 VB #</Process><Process ToolSource="c:\program files (x86)\arcgis\desktop10.1\ArcToolbox\Toolboxes\Data Management Tools.tbx\CalculateField" Date="20140616" Time="133812">CalculateField R RCC "LNI RCC"
 VB #</Process><Process ToolSource="c:\program files (x86)\arcgis\desktop10.1\ArcToolbox\Toolboxes\Data Management Tools.tbx\CalculateField" Date="20140616" Time="133851">CalculateField R RCC "Dubuque Co. RCC"
 VB #</Process><Process ToolSource="c:\program files (x86)\arcgis\desktop10.1\ArcToolbox\Toolboxes\Data Management Tools.tbx\CalculateField" Date="20140616" Time="133900">CalculateField R RCC "Dubuque Co. RCC"
 VB #</Process><Process ToolSource="c:\program files (x86)\arcgis\desktop10.1\ArcToolbox\Toolboxes\Data Management Tools.tbx\CalculateField" Date="20140616" Time="133909">CalculateField R RCC "Dubuque Co. RCC"
 VB #</Process><Process ToolSource="c:\program files (x86)\arcgis\desktop10.1\ArcToolbox\Toolboxes\Data Management Tools.tbx\CalculateField" Date="20140616" Time="133941">CalculateField R RCC "Haz Chem Center RCC"
 VB #</Process><Process ToolSource="c:\program files (x86)\arcgis\desktop10.1\ArcToolbox\Toolboxes\Data Management Tools.tbx\CalculateField" Date="20140616" Time="134003">CalculateField R RCC "Dickinson Co. RCC"
 VB #</Process><Process ToolSource="c:\program files (x86)\arcgis\desktop10.1\ArcToolbox\Toolboxes\Data Management Tools.tbx\CalculateField" Date="20140616" Time="134035">CalculateField R RCC "Northern Plains RCC"
 VB #</Process><Process ToolSource="c:\program files (x86)\arcgis\desktop10.1\ArcToolbox\Toolboxes\Data Management Tools.tbx\CalculateField" Date="20140616" Time="134045">CalculateField R RCC "Northern Plains RCC"
 VB #</Process><Process ToolSource="c:\program files (x86)\arcgis\desktop10.1\ArcToolbox\Toolboxes\Data Management Tools.tbx\CalculateField" Date="20140616" Time="134057">CalculateField R RCC "Northern Plains RCC"
 VB #</Process><Process ToolSource="c:\program files (x86)\arcgis\desktop10.1\ArcToolbox\Toolboxes\Data Management Tools.tbx\CalculateField" Date="20140616" Time="134130">CalculateField R RCC "FMC RCC"
 VB #</Process><Process ToolSource="c:\program files (x86)\arcgis\desktop10.1\ArcToolbox\Toolboxes\Data Management Tools.tbx\CalculateField" Date="20140616" Time="134204">CalculateField R RCC "FMC RCC"
 VB #</Process><Process ToolSource="c:\program files (x86)\arcgis\desktop10.1\ArcToolbox\Toolboxes\Data Management Tools.tbx\CalculateField" Date="20140616" Time="134234">CalculateField R RCC "FMC RCC"
 VB #</Process><Process ToolSource="c:\program files (x86)\arcgis\desktop10.1\ArcToolbox\Toolboxes\Data Management Tools.tbx\CalculateField" Date="20140616" Time="134256">CalculateField R RCC "FMC RCC"
 VB #</Process><Process ToolSource="c:\program files (x86)\arcgis\desktop10.1\ArcToolbox\Toolboxes\Data Management Tools.tbx\CalculateField" Date="20140616" Time="134309">CalculateField R RCC "FMC RCC"
 VB #</Process><Process ToolSource="c:\program files (x86)\arcgis\desktop10.1\ArcToolbox\Toolboxes\Data Management Tools.tbx\CalculateField" Date="20140616" Time="134325">CalculateField R RCC "FMC RCC"
 VB #</Process><Process ToolSource="c:\program files (x86)\arcgis\desktop10.1\ArcToolbox\Toolboxes\Data Management Tools.tbx\CalculateField" Date="20140616" Time="134402">CalculateField R RCC "Fremont Co. RCC"
 VB #</Process><Process ToolSource="c:\program files (x86)\arcgis\desktop10.1\ArcToolbox\Toolboxes\Data Management Tools.tbx\CalculateField" Date="20140616" Time="134429">CalculateField R RCC "Hamilton Co. RCC"
 VB #</Process><Process ToolSource="c:\program files (x86)\arcgis\desktop10.1\ArcToolbox\Toolboxes\Data Management Tools.tbx\CalculateField" Date="20140616" Time="134513">CalculateField R RCC "Great River RCC"
 VB #</Process><Process ToolSource="c:\program files (x86)\arcgis\desktop10.1\ArcToolbox\Toolboxes\Data Management Tools.tbx\CalculateField" Date="20140616" Time="134528">CalculateField R RCC "Great River RCC"
 VB #</Process><Process ToolSource="c:\program files (x86)\arcgis\desktop10.1\ArcToolbox\Toolboxes\Data Management Tools.tbx\CalculateField" Date="20140616" Time="134540">CalculateField R RCC "Great River RCC"
 VB #</Process><Process ToolSource="c:\program files (x86)\arcgis\desktop10.1\ArcToolbox\Toolboxes\Data Management Tools.tbx\CalculateField" Date="20140616" Time="134614">CalculateField R RCC "CR/Linn Co. RCC"
 VB #</Process><Process ToolSource="c:\program files (x86)\arcgis\desktop10.1\ArcToolbox\Toolboxes\Data Management Tools.tbx\CalculateField" Date="20140616" Time="134633">CalculateField R RCC "CR/Linn Co. RCC"
 VB #</Process><Process ToolSource="c:\program files (x86)\arcgis\desktop10.1\ArcToolbox\Toolboxes\Data Management Tools.tbx\CalculateField" Date="20140616" Time="134646">CalculateField R RCC "CR/Linn Co. RCC"
 VB #</Process><Process ToolSource="c:\program files (x86)\arcgis\desktop10.1\ArcToolbox\Toolboxes\Data Management Tools.tbx\CalculateField" Date="20140616" Time="134704">CalculateField R RCC "CR/Linn Co. RCC"
 VB #</Process><Process ToolSource="c:\program files (x86)\arcgis\desktop10.1\ArcToolbox\Toolboxes\Data Management Tools.tbx\CalculateField" Date="20140616" Time="134730">CalculateField R RCC "CR/Linn Co. RCC"
 VB #</Process><Process ToolSource="c:\program files (x86)\arcgis\desktop10.1\ArcToolbox\Toolboxes\Data Management Tools.tbx\CalculateField" Date="20140616" Time="134829">CalculateField R RCC "NIASWA RCC"
 VB #</Process><Process ToolSource="c:\program files (x86)\arcgis\desktop10.1\ArcToolbox\Toolboxes\Data Management Tools.tbx\CalculateField" Date="20140616" Time="134850">CalculateField R RCC "Plymouth Co. RCC"
 VB #</Process><Process ToolSource="c:\program files (x86)\arcgis\desktop10.1\ArcToolbox\Toolboxes\Data Management Tools.tbx\CalculateField" Date="20140616" Time="134913">CalculateField R RCC "Woodbury Co. RCC"
 VB #</Process><Process ToolSource="c:\program files (x86)\arcgis\desktop10.1\ArcToolbox\Toolboxes\Data Management Tools.tbx\CalculateField" Date="20140616" Time="134934">CalculateField R RCC "Monona Co. RCC"
 VB #</Process><Process ToolSource="c:\program files (x86)\arcgis\desktop10.1\ArcToolbox\Toolboxes\Data Management Tools.tbx\CalculateField" Date="20140616" Time="135053">CalculateField R RCC "Clinton Co. RCC"
 VB #</Process><Process ToolSource="c:\program files (x86)\arcgis\desktop10.1\ArcToolbox\Toolboxes\Data Management Tools.tbx\CalculateField" Date="20140616" Time="135134">CalculateField R RCC "Iowa City RCC"
 VB #</Process><Process ToolSource="c:\program files (x86)\arcgis\desktop10.1\ArcToolbox\Toolboxes\Data Management Tools.tbx\CalculateField" Date="20140616" Time="135201">CalculateField R RCC "Scott Area Regional RCC"
 VB #</Process><Process ToolSource="c:\program files (x86)\arcgis\desktop10.1\ArcToolbox\Toolboxes\Data Management Tools.tbx\CalculateField" Date="20140616" Time="135209">CalculateField R RCC "Scott Area Regional RCC"
 VB #</Process><Process ToolSource="c:\program files (x86)\arcgis\desktop10.1\ArcToolbox\Toolboxes\Data Management Tools.tbx\CalculateField" Date="20140616" Time="135338">CalculateField R RCC "Council Bluffs RCC"
 VB #</Process><Process ToolSource="c:\program files (x86)\arcgis\desktop10.1\ArcToolbox\Toolboxes\Data Management Tools.tbx\CalculateField" Date="20140616" Time="135353">CalculateField R RCC "Council Bluffs RCC"
 VB #</Process><Process ToolSource="c:\program files (x86)\arcgis\desktop10.1\ArcToolbox\Toolboxes\Data Management Tools.tbx\CalculateField" Date="20140616" Time="135502">CalculateField R RCC "Ottumwa Wapello RCC"
 VB #</Process><Process ToolSource="c:\program files (x86)\arcgis\desktop10.1\ArcToolbox\Toolboxes\Data Management Tools.tbx\CalculateField" Date="20140616" Time="135512">CalculateField R RCC "Ottumwa Wapello RCC"
 VB #</Process><Process ToolSource="c:\program files (x86)\arcgis\desktop10.1\ArcToolbox\Toolboxes\Data Management Tools.tbx\CalculateField" Date="20140616" Time="135610">CalculateField R RCC "CR/Linn Co. RCC"
 VB #</Process><Process ToolSource="c:\program files (x86)\arcgis\desktop10.1\ArcToolbox\Toolboxes\Data Management Tools.tbx\CalculateField" Date="20140616" Time="135644">CalculateField R RCC "Clinton Co. Area RCC"
 VB #</Process><Process ToolSource="c:\program files (x86)\arcgis\desktop10.1\ArcToolbox\Toolboxes\Data Management Tools.tbx\CalculateField" Date="20140616" Time="140508">CalculateField R RCC "Unserviced Counties" VB #</Process><Process ToolSource="c:\program files (x86)\arcgis\desktop10.1\ArcToolbox\Toolboxes\Data Management Tools.tbx\CalculateField" Date="20140617" Time="105740">CalculateField "J:\FABA\Financial Assistance\HHM\Firefighter info and GIS map files\GIS shp dbf lyr files\RCC_2011_Output_data_.shp" RCC "Prairie SWA RCC" VB #</Process><Process ToolSource="c:\program files (x86)\arcgis\desktop10.1\ArcToolbox\Toolboxes\Data Management Tools.tbx\CalculateField" Date="20140617" Time="121632">CalculateField "J:\FABA\Financial Assistance\HHM\Firefighter info and GIS map files\GIS shp dbf lyr files\RCC_2011_Output_data_.shp" RCC "Unserviced Counties" VB #</Process><Process ToolSource="c:\program files (x86)\arcgis\desktop10.1\ArcToolbox\Toolboxes\Data Management Tools.tbx\CalculateField" Date="20140617" Time="122053">CalculateField "J:\FABA\Financial Assistance\HHM\Firefighter info and GIS map files\GIS shp dbf lyr files\RCC_2011_Output_data_.shp" RCC "Unserviced Counties" VB #</Process><Process ToolSource="c:\program files (x86)\arcgis\desktop10.1\ArcToolbox\Toolboxes\Data Management Tools.tbx\CalculateField" Date="20140618" Time="141827">CalculateField RCC_2011_Output_data_ RCC "NIASWA RCC" VB #</Process><Process ToolSource="c:\program files (x86)\arcgis\desktop10.1\ArcToolbox\Toolboxes\Data Management Tools.tbx\CalculateField" Date="20140618" Time="142123">CalculateField RCC_2011_Output_data_ RCC "Metro Waste RCC" VB #</Process><Process ToolSource="c:\program files (x86)\arcgis\desktop10.1\ArcToolbox\Toolboxes\Data Management Tools.tbx\CalculateField" Date="20140618" Time="142218">CalculateField RCC_2011_Output_data_ RCC "Prairie SWA RCC" VB #</Process><Process ToolSource="c:\program files (x86)\arcgis\desktop10.1\ArcToolbox\Toolboxes\Data Management Tools.tbx\CalculateField" Date="20140618" Time="142312">CalculateField RCC_2011_Output_data_ RCC "FMC RCC" VB #</Process><Process ToolSource="c:\program files (x86)\arcgis\desktop10.1\ArcToolbox\Toolboxes\Data Management Tools.tbx\CalculateField" Date="20140618" Time="142355">CalculateField RCC_2011_Output_data_ RCC "Dubuque Co RCC" VB #</Process><Process ToolSource="c:\program files (x86)\arcgis\desktop10.1\ArcToolbox\Toolboxes\Data Management Tools.tbx\CalculateField" Date="20140618" Time="143059">CalculateField RCC_2011_Output_data_ RCC "Cherokee Area RCC" VB #</Process><Process ToolSource="c:\program files (x86)\arcgis\desktop10.1\ArcToolbox\Toolboxes\Data Management Tools.tbx\CalculateField" Date="20140618" Time="143132">CalculateField RCC_2011_Output_data_ RCC "Woodbury Co. RCC" VB #</Process><Process ToolSource="c:\program files (x86)\arcgis\desktop10.1\ArcToolbox\Toolboxes\Data Management Tools.tbx\CalculateField" Date="20140618" Time="143200">CalculateField RCC_2011_Output_data_ RCC "Plymouth SWA RCC" VB #</Process><Process ToolSource="c:\program files (x86)\arcgis\desktop10.1\ArcToolbox\Toolboxes\Data Management Tools.tbx\CalculateField" Date="20140618" Time="143310">CalculateField RCC_2011_Output_data_ RCC "Unserviced Counties" VB #</Process><Process ToolSource="c:\program files (x86)\arcgis\desktop10.1\ArcToolbox\Toolboxes\Data Management Tools.tbx\CalculateField" Date="20140618" Time="143344">CalculateField RCC_2011_Output_data_ RCC "Bremer Co. RCC" VB #</Process><Process ToolSource="c:\program files (x86)\arcgis\desktop10.1\ArcToolbox\Toolboxes\Data Management Tools.tbx\CalculateField" Date="20140618" Time="143409">CalculateField RCC_2011_Output_data_ RCC "Butler Co. RCC" VB #</Process><Process ToolSource="c:\program files (x86)\arcgis\desktop10.1\ArcToolbox\Toolboxes\Data Management Tools.tbx\CalculateField" Date="20140618" Time="143429">CalculateField RCC_2011_Output_data_ RCC "Buchanan Co. RCC" VB #</Process><Process ToolSource="c:\program files (x86)\arcgis\desktop10.1\ArcToolbox\Toolboxes\Data Management Tools.tbx\CalculateField" Date="20140618" Time="143502">CalculateField RCC_2011_Output_data_ RCC "Northern Plains RCC" VB #</Process><Process ToolSource="c:\program files (x86)\arcgis\desktop10.1\ArcToolbox\Toolboxes\Data Management Tools.tbx\CalculateField" Date="20140618" Time="143526">CalculateField RCC_2011_Output_data_ RCC "Dickinson Co. RCC" VB #</Process><Process ToolSource="c:\program files (x86)\arcgis\desktop10.1\ArcToolbox\Toolboxes\Data Management Tools.tbx\CalculateField" Date="20140618" Time="143605">CalculateField RCC_2011_Output_data_ RCC "Landfill of N. Ia RCC" VB #</Process><Process ToolSource="c:\program files (x86)\arcgis\desktop10.1\ArcToolbox\Toolboxes\Data Management Tools.tbx\CalculateField" Date="20140618" Time="143627">CalculateField RCC_2011_Output_data_ RCC "Hamilton Co. RCC" VB #</Process><Process ToolSource="c:\program files (x86)\arcgis\desktop10.1\ArcToolbox\Toolboxes\Data Management Tools.tbx\CalculateField" Date="20140618" Time="143717">CalculateField RCC_2011_Output_data_ RCC "Cedar Rapids/Linn Co. RCC" VB #</Process><Process ToolSource="c:\program files (x86)\arcgis\desktop10.1\ArcToolbox\Toolboxes\Data Management Tools.tbx\CalculateField" Date="20140618" Time="143739">CalculateField RCC_2011_Output_data_ RCC "Iowa City RCC" VB #</Process><Process ToolSource="c:\program files (x86)\arcgis\desktop10.1\ArcToolbox\Toolboxes\Data Management Tools.tbx\CalculateField" Date="20140618" Time="143803">CalculateField RCC_2011_Output_data_ RCC "Clinton Co. Area RCC" VB #</Process><Process ToolSource="c:\program files (x86)\arcgis\desktop10.1\ArcToolbox\Toolboxes\Data Management Tools.tbx\CalculateField" Date="20140618" Time="143842">CalculateField RCC_2011_Output_data_ RCC "Scott Area Regional RCC" VB #</Process><Process ToolSource="c:\program files (x86)\arcgis\desktop10.1\ArcToolbox\Toolboxes\Data Management Tools.tbx\CalculateField" Date="20140618" Time="143918">CalculateField RCC_2011_Output_data_ RCC "Ottumwa Wapello RCC" VB #</Process><Process ToolSource="c:\program files (x86)\arcgis\desktop10.1\ArcToolbox\Toolboxes\Data Management Tools.tbx\CalculateField" Date="20140618" Time="143948">CalculateField RCC_2011_Output_data_ RCC "Cedar Rapids/Linn Co. RCC" VB #</Process><Process ToolSource="c:\program files (x86)\arcgis\desktop10.1\ArcToolbox\Toolboxes\Data Management Tools.tbx\CalculateField" Date="20140618" Time="144024">CalculateField RCC_2011_Output_data_ RCC "Great River RCC" VB #</Process><Process ToolSource="c:\program files (x86)\arcgis\desktop10.1\ArcToolbox\Toolboxes\Data Management Tools.tbx\CalculateField" Date="20140618" Time="144049">CalculateField RCC_2011_Output_data_ RCC "Haz Chem Center RCC" VB #</Process><Process ToolSource="c:\program files (x86)\arcgis\desktop10.1\ArcToolbox\Toolboxes\Data Management Tools.tbx\CalculateField" Date="20140618" Time="144113">CalculateField RCC_2011_Output_data_ RCC "Rathbun Area RCC" VB #</Process><Process ToolSource="c:\program files (x86)\arcgis\desktop10.1\ArcToolbox\Toolboxes\Data Management Tools.tbx\CalculateField" Date="20140618" Time="144134">CalculateField RCC_2011_Output_data_ RCC "Fremont Co. RCC" VB #</Process><Process ToolSource="c:\program files (x86)\arcgis\desktop10.1\ArcToolbox\Toolboxes\Data Management Tools.tbx\CalculateField" Date="20140618" Time="144152">CalculateField RCC_2011_Output_data_ RCC "Council Bluffs RCC" VB #</Process><Process ToolSource="c:\program files (x86)\arcgis\desktop10.1\ArcToolbox\Toolboxes\Data Management Tools.tbx\CalculateField" Date="20140618" Time="144219">CalculateField RCC_2011_Output_data_ RCC "Cass Co. RCC" VB #</Process><Process ToolSource="c:\program files (x86)\arcgis\desktop10.1\ArcToolbox\Toolboxes\Data Management Tools.tbx\CalculateField" Date="20140618" Time="144238">CalculateField RCC_2011_Output_data_ RCC "Monona Co. RCC" VB #</Process><Process ToolSource="c:\program files (x86)\arcgis\desktop10.1\ArcToolbox\Toolboxes\Data Management Tools.tbx\CalculateField" Date="20140618" Time="144312">CalculateField RCC_2011_Output_data_ RCC "FMC RCC" VB #</Process><Process ToolSource="c:\program files (x86)\arcgis\desktop10.1\ArcToolbox\Toolboxes\Data Management Tools.tbx\CalculateField" Date="20140619" Time="101449">CalculateField RCC_2011_Output_data_ RCC "Buchanan Co. RCC" VB #</Process><Process ToolSource="c:\program files (x86)\arcgis\desktop10.1\ArcToolbox\Toolboxes\Data Management Tools.tbx\CalculateField" Date="20140619" Time="102526">CalculateField RCC_2011_Output_data_ RCC "Buchanan Co. RCC" VB #</Process><Process ToolSource="c:\program files (x86)\arcgis\desktop10.1\ArcToolbox\Toolboxes\Data Management Tools.tbx\CalculateField" Date="20140619" Time="110558">CalculateField RCC_2011_Output_data_ RCC "Hamilton County RCC" VB #</Process><Process ToolSource="c:\program files (x86)\arcgis\desktop10.1\ArcToolbox\Toolboxes\Data Management Tools.tbx\CalculateField" Date="20140702" Time="091107">CalculateField R RCC "Clinton Co. Area RCC" VB #</Process></lineage><itemProps><itemName Sync="TRUE">RCC_2011_Output_data_</itemName><imsContentType Sync="TRUE">002</imsContentType><nativeExtBox><westBL Sync="TRUE">202073.808723</westBL><eastBL Sync="TRUE">736849.210393</eastBL><southBL Sync="TRUE">4470598.397186</southBL><northBL Sync="TRUE">4822673.786539</northBL><exTypeCode Sync="TRUE">1</exTypeCode></nativeExtBox><itemSize Sync="TRUE">0.532</itemSize><itemLocation><linkage Sync="TRUE">file://\\D_IGS_115NW\Users\pbrown1\Documents\GitHub\presentations\TCC Mapping Platform\geodata\RCC_2011_Output_data_</linkage><protocol Sync="TRUE">Local Area Network</protocol></itemLocation></itemProps><coordRef><type Sync="TRUE">Projected</type><geogcsn Sync="TRUE">GCS_North_American_1983</geogcsn><csUnits Sync="TRUE">Linear Unit: Meter (1.000000)</csUnits><projcsn Sync="TRUE">NAD_1983_UTM_Zone_15N</projcsn><peXml Sync="TRUE">&lt;ProjectedCoordinateSystem xsi:type='typens:ProjectedCoordinateSystem' xmlns:xsi='http://www.w3.org/2001/XMLSchema-instance' xmlns:xs='http://www.w3.org/2001/XMLSchema' xmlns:typens='http://www.esri.com/schemas/ArcGIS/10.1'&gt;&lt;WKT&gt;PROJCS[&amp;quot;NAD_1983_UTM_Zone_15N&amp;quot;,GEOGCS[&amp;quot;GCS_North_American_1983&amp;quot;,DATUM[&amp;quot;D_North_American_1983&amp;quot;,SPHEROID[&amp;quot;GRS_1980&amp;quot;,6378137.0,298.257222101]],PRIMEM[&amp;quot;Greenwich&amp;quot;,0.0],UNIT[&amp;quot;Degree&amp;quot;,0.0174532925199433]],PROJECTION[&amp;quot;Transverse_Mercator&amp;quot;],PARAMETER[&amp;quot;False_Easting&amp;quot;,500000.0],PARAMETER[&amp;quot;False_Northing&amp;quot;,0.0],PARAMETER[&amp;quot;Central_Meridian&amp;quot;,-93.0],PARAMETER[&amp;quot;Scale_Factor&amp;quot;,0.9996],PARAMETER[&amp;quot;Latitude_Of_Origin&amp;quot;,0.0],UNIT[&amp;quot;Meter&amp;quot;,1.0],AUTHORITY[&amp;quot;EPSG&amp;quot;,26915]]&lt;/WKT&gt;&lt;XOrigin&gt;-5120900&lt;/XOrigin&gt;&lt;YOrigin&gt;-9998100&lt;/YOrigin&gt;&lt;XYScale&gt;450445547.3910538&lt;/XYScale&gt;&lt;ZOrigin&gt;-100000&lt;/ZOrigin&gt;&lt;ZScale&gt;10000&lt;/ZScale&gt;&lt;MOrigin&gt;-100000&lt;/MOrigin&gt;&lt;MScale&gt;10000&lt;/MScale&gt;&lt;XYTolerance&gt;0.001&lt;/XYTolerance&gt;&lt;ZTolerance&gt;0.001&lt;/ZTolerance&gt;&lt;MTolerance&gt;0.001&lt;/MTolerance&gt;&lt;HighPrecision&gt;true&lt;/HighPrecision&gt;&lt;WKID&gt;26915&lt;/WKID&gt;&lt;LatestWKID&gt;26915&lt;/LatestWKID&gt;&lt;/ProjectedCoordinateSystem&gt;</peXml></coordRef><copyHistory><copy source="P:\Projects\DemoData\HHMData\Stuff for Patrick\RCC_2011_Output_data_" dest="\\D_IGS_115NW\Users\pbrown1\Documents\GitHub\presentations\TCC Mapping Platform\geodata\RCC_2011_Output_data_" date="20140731" time="11364400"></copy></copyHistory></DataProperties><ArcGISstyle>FGDC CSDGM Metadata</ArcGISstyle></Esri><idinfo><citation><citeinfo><onlink>ftp://ftp.igsb.uiowa.edu/gis_library/IA_State/Admin_Political_Boundary/county.zip</onlink><origin>James D. Giglierano and Madhukar Mohan</origin><pubdate>1990-11-01</pubdate><title>State and County boundaries of the state of Iowa </title><ftname Sync="TRUE">county</ftname><geoform Sync="TRUE">vector digital data</geoform></citeinfo></citation><native Sync="TRUE">Microsoft Windows XP Version 5.1 (Build 2600) Service Pack 3; ESRI ArcCatalog 9.3.1.3000</native><descript><langdata Sync="TRUE">en</langdata><abstract>This coverage contains polygons representing the county boundaries of the state of Iowa. COUNTY was developed from a set of 99 individual coverages of the Public Land Survey System (PLSS) for each county in the state. The PLSS coverages were digitized from paper copies of 7.5' topographic quadrangle maps.  River boundaries were also digitized from 7.5' maps roads. </abstract><purpose>This digital, geographically referenced data set was developed by the Iowa Department of Natural Resources to carry out agency responsibilities related to management, protection, and development of Iowa's natural resources. </purpose></descript><timeperd><current>ground condition</current><timeinfo><sngdate><caldate>1991</caldate></sngdate></timeinfo></timeperd><status><progress>Complete</progress><update>None planned</update></status><spdom><bounding><westbc Sync="TRUE">-96.684901</westbc><eastbc Sync="TRUE">-90.069432</eastbc><northbc Sync="TRUE">43.557019</northbc><southbc Sync="TRUE">40.332776</southbc></bounding><lboundng><leftbc Sync="TRUE">202073.808723</leftbc><rightbc Sync="TRUE">736849.210393</rightbc><bottombc Sync="TRUE">4470598.397186</bottombc><topbc Sync="TRUE">4822673.786539</topbc></lboundng></spdom><keywords><theme><themekt>None</themekt><themekey>Counties</themekey></theme><place><placekey>Iowa`</placekey></place></keywords><accconst>None</accconst><useconst>None</useconst><natvform Sync="TRUE">Shapefile</natvform><ptcontac><cntinfo><cntvoice>319-335-1575</cntvoice><cntemail>jgiglierano@igsb.uiowa.edu</cntemail><cntperp><cntper>Jim Giglierano</cntper><cntorg>Iowa Department of Natural Resources - Iowa Geological Survey</cntorg></cntperp><cntaddr><addrtype>mailing and physical address</addrtype><address>109 Trowbridge Hall</address><city>Iowa City </city><state>IA</state><postal>52240</postal></cntaddr></cntinfo></ptcontac></idinfo><distInfo><distributor><distorTran><onLineSrc><linkage Sync="TRUE">file://</linkage><protocol Sync="TRUE">Local Area Network</protocol><orDesc Sync="TRUE">002</orDesc></onLineSrc><transSize Sync="TRUE">0.532</transSize></distorTran><distorFormat><formatName Sync="TRUE">Shapefile</formatName></distorFormat></distributor><distFormat><formatName Sync="TRUE">Shapefile</formatName></distFormat><distTranOps><transSize Sync="TRUE">0.532</transSize></distTranOps></distInfo><dataqual><lineage><procstep><procdesc Sync="TRUE">Dataset moved.</procdesc><date Sync="TRUE">20021114</date><time Sync="TRUE">08594400</time></procstep><procstep><procdesc Sync="TRUE">Dataset copied.</procdesc><srcused Sync="TRUE">C:\Library\NAD27_shape\county</srcused><date Sync="TRUE">20021114</date><time Sync="TRUE">09001300</time></procstep><procstep><procdesc Sync="TRUE">Dataset copied.</procdesc><srcused Sync="TRUE"></srcused><date Sync="TRUE">20030826</date><time Sync="TRUE">09135400</time></procstep><srcinfo><srcscale>24,000</srcscale><typesrc>paper</typesrc><srccitea>Paper copies of 7.5' topographic quadrangle maps</srccitea></srcinfo><procstep><procdesc Sync="TRUE">Dataset copied.</procdesc><srcused Sync="TRUE"></srcused><procdate Sync="TRUE">20110601</procdate><proctime Sync="TRUE">15083300</proctime></procstep></lineage><posacc><horizpa><horizpar>Based on NMAS accuracy standards for USGS 1:24,000 scale maps, digitizer resolution, ARC/INFO fuzzy      tolerances, and estimated operator error, the positional accuracy of this coverage is estimated to be around 22 meters. Positional error was estimated using a root-sum-squared error calculation. </horizpar></horizpa></posacc></dataqual><dataIdInfo><envirDesc Sync="TRUE">Microsoft Windows 7 Version 6.1 (Build 7601) Service Pack 1; Esri ArcGIS 10.1.1.3143</envirDesc><dataLang><languageCode Sync="TRUE" value="eng"></languageCode><countryCode value="USA" Sync="TRUE"></countryCode></dataLang><idCitation><resTitle Sync="TRUE">RCC_2011_Output_data_</resTitle><presForm><PresFormCd Sync="TRUE" value="005"></PresFormCd></presForm></idCitation><spatRpType><SpatRepTypCd Sync="TRUE" value="001"></SpatRepTypCd></spatRpType><dataExt><geoEle><GeoBndBox esriExtentType="native"><westBL Sync="TRUE">202073.808723</westBL><eastBL Sync="TRUE">736849.210393</eastBL><northBL Sync="TRUE">4822673.786539</northBL><southBL Sync="TRUE">4470598.397186</southBL><exTypeCode Sync="TRUE">1</exTypeCode></GeoBndBox></geoEle></dataExt><geoBox esriExtentType="decdegrees"><westBL Sync="TRUE">-96.684901</westBL><eastBL Sync="TRUE">-90.069432</eastBL><northBL Sync="TRUE">43.557019</northBL><southBL Sync="TRUE">40.332776</southBL><exTypeCode Sync="TRUE">1</exTypeCode></geoBox><dataExt><geoEle><GeoBndBox esriExtentType="search"><exTypeCode Sync="TRUE">1</exTypeCode><westBL Sync="TRUE">-96.684901</westBL><eastBL Sync="TRUE">-90.069432</eastBL><northBL Sync="TRUE">43.557019</northBL><southBL Sync="TRUE">40.332776</southBL></GeoBndBox></geoEle></dataExt></dataIdInfo><metainfo><langmeta Sync="TRUE">en</langmeta><metstdn Sync="TRUE">FGDC Content Standards for Digital Geospatial Metadata</metstdn><metstdv Sync="TRUE">FGDC-STD-001-1998</metstdv><mettc Sync="TRUE">local time</mettc><metc><cntinfo><cntorgp><cntper>Casey Kohrt</cntper><cntorg>Iowa Department of Natural Resources - Iowa Geological Survey</cntorg></cntorgp><cntaddr><addrtype>mailing and physical address</addrtype><city>Iowa City</city><state>Iowa</state><postal>52240</postal></cntaddr><cntvoice>319-335-1353</cntvoice></cntinfo></metc><metd Sync="TRUE">20091026</metd><metac>none</metac><metuc>none</metuc></metainfo><mdLang><languageCode Sync="TRUE" value="eng"></languageCode><countryCode value="USA" Sync="TRUE"></countryCode></mdLang><mdStanName Sync="TRUE">ISO 19115 Geographic Information - Metadata</mdStanName><mdStanVer Sync="TRUE">DIS_ESRI1.0</mdStanVer><mdChar><CharSetCd Sync="TRUE" value="004"></CharSetCd></mdChar><mdHrLv><ScopeCd Sync="TRUE" value="005"></ScopeCd></mdHrLv><mdHrLvName Sync="TRUE">dataset</mdHrLvName><distinfo><resdesc Sync="TRUE">Downloadable Data</resdesc><stdorder><digform><digtinfo><transize Sync="TRUE">0.532</transize><dssize Sync="TRUE">0.532</dssize></digtinfo><digtopt><onlinopt><computer><networka><networkr>ftp://ftp.igsb.uiowa.edu/gis_library/IA_state/Admin_Political_Boundary/county.zip</networkr></networka></computer></onlinopt></digtopt></digform></stdorder><distrib><cntinfo><cntorgp><cntorg>Iowa DNR - Iowa Geological Survey</cntorg><cntper>Casey Kohrt</cntper></cntorgp><cntaddr><addrtype>mailing and physical address</addrtype><address>109 Trowbridge Hall</address><city>Iowa City</city><state>Iowa</state><postal>52240</postal></cntaddr><cntvoice>319-335-1353</cntvoice><cnttdd>319-</cnttdd><cntemail>gis_library@igsb.uiowa.edu</cntemail></cntinfo></distrib><distliab>This digital, geographically referenced data set was developed by the Iowa Department of Natural Resources to carry out agency responsibilities related to management, protection, and development of Iowa's natural resources. It resides in the Natural Resources Geographic Information System library. Although efforts have been made to make it useful to the Department, the Department assumes no responsibility for errors in the information. Similarly the Department assumes no responsibility for the consequences of inappropriate uses or interpretations of the data made by anyone to whom this data has been made available. The Department bears no responsibility to inform users of any changes made to this data. Anyone using this data is advised that precision implied by the coverage may far exceed actual precision. Comments on this data are invited and the Department would appreciate that documented errors be brought to staff attention. The development of the coverages in the NRGIS Library represents a major investment of staff time and effort. As a professional responsibility, we expect that the Iowa DNR will receive proper credit when you utilize these GIS coverages and that the original documentation will remain with any redistribution of these coverages. </distliab></distinfo><spdoinfo><direct Sync="TRUE">Vector</direct><ptvctinf><esriterm Name="RCC_2011_Output_data_"><efeatyp Sync="TRUE">Simple</efeatyp><efeageom code="4" Sync="TRUE"></efeageom><esritopo Sync="TRUE">FALSE</esritopo><efeacnt Sync="TRUE">99</efeacnt><spindex Sync="TRUE">FALSE</spindex><linrefer Sync="TRUE">FALSE</linrefer></esriterm></ptvctinf></spdoinfo><spref><horizsys><cordsysn><geogcsn Sync="TRUE">GCS_North_American_1983</geogcsn><projcsn Sync="TRUE">NAD_1983_UTM_Zone_15N</projcsn></cordsysn><planar><planci><plance Sync="TRUE">coordinate pair</plance><plandu Sync="TRUE">meters</plandu><coordrep><absres Sync="TRUE">0.000000</absres><ordres Sync="TRUE">0.000000</ordres></coordrep></planci></planar><geodetic><horizdn Sync="TRUE">North American Datum of 1983</horizdn><ellips Sync="TRUE">Geodetic Reference System 80</ellips><semiaxis Sync="TRUE">6378137.000000</semiaxis><denflat Sync="TRUE">298.257222</denflat></geodetic></horizsys></spref><refSysInfo><RefSystem><refSysID><identCode Sync="TRUE" code="26915">NAD_1983_UTM_Zone_15N</identCode><idCodeSpace Sync="TRUE">EPSG</idCodeSpace><idVersion Sync="TRUE">7.11.2</idVersion></refSysID></RefSystem></refSysInfo><spatRepInfo><VectSpatRep><geometObjs Name="RCC_2011_Output_data_"><geoObjTyp><GeoObjTypCd value="002" Sync="TRUE"></GeoObjTypCd></geoObjTyp><geoObjCnt Sync="TRUE">99</geoObjCnt></geometObjs><topLvl><TopoLevCd value="001" Sync="TRUE"></TopoLevCd></topLvl></VectSpatRep></spatRepInfo><eainfo><detailed Name="RCC_2011_Output_data_"><enttyp><enttypl Sync="TRUE">RCC_2011_Output_data_</enttypl><enttypt Sync="TRUE">Feature Class</enttypt><enttypc Sync="TRUE">99</enttypc></enttyp><attr><attrlabl Sync="TRUE">FID</attrlabl><attalias Sync="TRUE">FID</attalias><attrtype Sync="TRUE">OID</attrtype><attwidth Sync="TRUE">4</attwidth><atprecis Sync="TRUE">0</atprecis><attscale Sync="TRUE">0</attscale><attrdef Sync="TRUE">Internal feature number.</attrdef><attrdefs Sync="TRUE">ESRI</attrdefs><attrdomv><udom Sync="TRUE">Sequential unique whole numbers that are automatically generated.</udom></attrdomv></attr><attr><attrlabl Sync="TRUE">Shape</attrlabl><attalias Sync="TRUE">Shape</attalias><attrtype Sync="TRUE">Geometry</attrtype><attwidth Sync="TRUE">0</attwidth><atprecis Sync="TRUE">0</atprecis><attscale Sync="TRUE">0</attscale><attrdef Sync="TRUE">Feature geometry.</attrdef><attrdefs Sync="TRUE">ESRI</attrdefs><attrdomv><udom Sync="TRUE">Coordinates defining the features.</udom></attrdomv></attr><attr><attrlabl Sync="TRUE">CO_NUMBER</attrlabl><attalias Sync="TRUE">CO_NUMBER</attalias><attrtype Sync="TRUE">Double</attrtype><attwidth Sync="TRUE">11</attwidth><atprecis Sync="TRUE">11</atprecis><attscale Sync="TRUE">0</attscale></attr><attr><attrlabl Sync="TRUE">CO_FIPS</attrlabl><attalias Sync="TRUE">CO_FIPS</attalias><attrtype Sync="TRUE">SmallInteger</attrtype><attwidth Sync="TRUE">4</attwidth><atprecis Sync="TRUE">4</atprecis><attscale Sync="TRUE">0</attscale></attr><attr><attrlabl Sync="TRUE">ACRES_SF</attrlabl><attalias Sync="TRUE">ACRES_SF</attalias><attrtype Sync="TRUE">Double</attrtype><attwidth Sync="TRUE">12</attwidth><atprecis Sync="TRUE">11</atprecis><attscale Sync="TRUE">1</attscale></attr><attr><attrlabl Sync="TRUE">ACRES</attrlabl><attalias Sync="TRUE">ACRES</attalias><attrtype Sync="TRUE">Double</attrtype><attwidth Sync="TRUE">12</attwidth><atprecis Sync="TRUE">11</atprecis><attscale Sync="TRUE">1</attscale></attr><attr><attrlabl Sync="TRUE">FIPS</attrlabl><attalias Sync="TRUE">FIPS</attalias><attrtype Sync="TRUE">String</attrtype><attwidth Sync="TRUE">5</attwidth><atprecis Sync="TRUE">0</atprecis><attscale Sync="TRUE">0</attscale></attr><attr><attrlabl Sync="TRUE">COUNTY</attrlabl><attalias Sync="TRUE">COUNTY</attalias><attrtype Sync="TRUE">String</attrtype><attwidth Sync="TRUE">16</attwidth><atprecis Sync="TRUE">0</atprecis><attscale Sync="TRUE">0</attscale></attr><attr><attrlabl Sync="TRUE">ST</attrlabl><attalias Sync="TRUE">ST</attalias><attrtype Sync="TRUE">String</attrtype><attwidth Sync="TRUE">2</attwidth><atprecis Sync="TRUE">0</atprecis><attscale Sync="TRUE">0</attscale></attr><attr><attrlabl Sync="TRUE">RCC</attrlabl><attalias Sync="TRUE">RCC</attalias><attrtype Sync="TRUE">String</attrtype><attwidth Sync="TRUE">50</attwidth><atprecis Sync="TRUE">0</atprecis><attscale Sync="TRUE">0</attscale></attr></detailed><overview><eaover>        AREA: Area of county in square meters  
        PERIMETER: Length of county perimeters in meters  
        COUNTY_: Ineternal polygon identifier  
        COUNTY_ID: Sequential polygon identifier  
        CO_NUMBER: County number (1-99)  
        CO_NAME: County Names
        CO_FIPS: County FIPS code (1-197)  
        ACRES_SF: Area of county in acres using the US survey foot standard 
        ACRES: Area of county in acres using the international metric (SI) s</eaover></overview></eainfo><mdDateSt Sync="TRUE">20140617</mdDateSt></metadata>
